id,resident_id,goal,status,created_at
1,1,Maintain safe independent walking for short distances.,active,2026-08-01 09:00:00
2,1,Maintain adequate daily hydration.,active,2026-08-01 09:00:00
3,2,Increase participation in supervised mobility exercises.,active,2026-08-05 10:00:00
4,2,Reduce episodes of confusion during daily routines.,active,2026-08-05 10:15:00
5,3,Improve standing stability and reduce fall risk.,active,2026-08-03 11:00:00
6,3,Maintain adequate nutrition and fluid intake.,active,2026-08-03 11:20:00
7,4,Improve transfer independence between bed and chair.,active,2026-08-04 09:30:00
8,5,Support consistent sleep routine.,active,2026-08-06 14:00:00
9,6,Maintain mobility through daily assisted walking.,active,2026-08-07 10:30:00
